hardened,4,kql,mc01,NOT_DETECTED,>600
hardened,4,kql,mc02,NOT_DETECTED,>600
hardened,4,kql,mc03,NOT_DETECTED,>600
hardened,4,kql,mc04,NOT_DETECTED,>600
hardened,4,kql,mc06,NOT_DETECTED,>600
hardened,4,kql,mc07,MANUAL_CHECK_REQUIRED,-
hardened,4,kql,mc08,NOT_DETECTED,>600
hardened,4,kql,mc09,NOT_DETECTED,>600
hardened,4,kql,mc10,NOT_DETECTED,>600
vuln-01-public-storage,6,kql,mc01,2026-08-07T22:39:22Z,7
vuln-01-public-storage,6,kql,mc02,NOT_DETECTED,>150
vuln-01-public-storage,6,kql,mc03,NOT_DETECTED,>150
vuln-01-public-storage,6,kql,mc04,NOT_DETECTED,>150
vuln-01-public-storage,6,kql,mc06,NOT_DETECTED,>150
vuln-01-public-storage,6,kql,mc07,MANUAL_CHECK_REQUIRED,-
vuln-01-public-storage,6,kql,mc08,NOT_DETECTED,>150
vuln-01-public-storage,6,kql,mc09,NOT_DETECTED,>150
vuln-01-public-storage,6,kql,mc10,NOT_DETECTED,>150
vuln-02-rbac-contributor,7,kql,mc01,NOT_DETECTED,>600
vuln-02-rbac-contributor,7,kql,mc02,2026-08-07T21:22:39Z,5
vuln-02-rbac-contributor,7,kql,mc03,NOT_DETECTED,>600
vuln-02-rbac-contributor,7,kql,mc04,NOT_DETECTED,>600
vuln-02-rbac-contributor,7,kql,mc06,NOT_DETECTED,>600
vuln-02-rbac-contributor,7,kql,mc07,MANUAL_CHECK_REQUIRED,-
vuln-02-rbac-contributor,7,kql,mc08,NOT_DETECTED,>600
vuln-02-rbac-contributor,7,kql,mc09,NOT_DETECTED,>600
vuln-02-rbac-contributor,7,kql,mc10,NOT_DETECTED,>600
vuln-03-sql-public,3,kql,mc01,NOT_DETECTED,>150
vuln-03-sql-public,3,kql,mc02,NOT_DETECTED,>150
vuln-03-sql-public,3,kql,mc03,2026-08-07T23:03:09Z,5
vuln-03-sql-public,3,kql,mc04,NOT_DETECTED,>150
vuln-03-sql-public,3,kql,mc06,NOT_DETECTED,>150
vuln-03-sql-public,3,kql,mc07,MANUAL_CHECK_REQUIRED,-
vuln-03-sql-public,3,kql,mc08,NOT_DETECTED,>150
vuln-03-sql-public,3,kql,mc09,NOT_DETECTED,>150
vuln-03-sql-public,3,kql,mc10,NOT_DETECTED,>150
vuln-04-open-mgmt-ports,3,kql,mc01,NOT_DETECTED,>150
vuln-04-open-mgmt-ports,3,kql,mc02,NOT_DETECTED,>150
vuln-04-open-mgmt-ports,3,kql,mc03,NOT_DETECTED,>150
vuln-04-open-mgmt-ports,3,kql,mc04,2026-08-07T23:25:25Z,5
vuln-04-open-mgmt-ports,3,kql,mc06,NOT_DETECTED,>150
vuln-04-open-mgmt-ports,3,kql,mc07,MANUAL_CHECK_REQUIRED,-
vuln-04-open-mgmt-ports,3,kql,mc08,NOT_DETECTED,>150
vuln-04-open-mgmt-ports,3,kql,mc09,2026-08-07T23:25:25Z,5
vuln-04-open-mgmt-ports,3,kql,mc10,NOT_DETECTED,>150
vuln-05-plaintext-secrets,3,kql,mc01,NOT_DETECTED,>150
vuln-05-plaintext-secrets,3,kql,mc02,NOT_DETECTED,>150
vuln-05-plaintext-secrets,3,kql,mc03,NOT_DETECTED,>150
vuln-05-plaintext-secrets,3,kql,mc04,NOT_DETECTED,>150
vuln-05-plaintext-secrets,3,kql,mc06,NOT_DETECTED,>150
vuln-05-plaintext-secrets,3,kql,mc07,MANUAL_CHECK_REQUIRED,-
vuln-05-plaintext-secrets,3,kql,mc08,NOT_DETECTED,>150
vuln-05-plaintext-secrets,3,kql,mc09,NOT_DETECTED,>150
vuln-05-plaintext-secrets,3,kql,mc10,NOT_DETECTED,>150
vuln-06-no-https,3,kql,mc01,NOT_DETECTED,>150
vuln-06-no-https,3,kql,mc02,NOT_DETECTED,>150
vuln-06-no-https,3,kql,mc03,NOT_DETECTED,>150
vuln-06-no-https,3,kql,mc04,NOT_DETECTED,>150
vuln-06-no-https,3,kql,mc06,2026-08-08T00:17:31Z,7
vuln-06-no-https,3,kql,mc07,MANUAL_CHECK_REQUIRED,-
vuln-06-no-https,3,kql,mc08,NOT_DETECTED,>150
vuln-06-no-https,3,kql,mc09,NOT_DETECTED,>150
vuln-06-no-https,3,kql,mc10,NOT_DETECTED,>150
vuln-07-logging-disabled,5,kql,mc01,NOT_DETECTED,>150
vuln-07-logging-disabled,5,kql,mc02,NOT_DETECTED,>150
vuln-07-logging-disabled,5,kql,mc03,NOT_DETECTED,>150
vuln-07-logging-disabled,5,kql,mc04,NOT_DETECTED,>150
vuln-07-logging-disabled,5,kql,mc06,NOT_DETECTED,>150
vuln-07-logging-disabled,5,kql,mc07,2026-08-08T13:59:42Z,5
vuln-07-logging-disabled,5,kql,mc08,NOT_DETECTED,>150
vuln-07-logging-disabled,5,kql,mc09,NOT_DETECTED,>150
vuln-07-logging-disabled,5,kql,mc10,NOT_DETECTED,>150
vuln-08-no-cmk,3,kql,mc01,NOT_DETECTED,>150
vuln-08-no-cmk,3,kql,mc02,NOT_DETECTED,>150
vuln-08-no-cmk,3,kql,mc03,NOT_DETECTED,>150
vuln-08-no-cmk,3,kql,mc04,NOT_DETECTED,>150
vuln-08-no-cmk,3,kql,mc06,NOT_DETECTED,>150
vuln-08-no-cmk,3,kql,mc07,MANUAL_CHECK_REQUIRED,-
vuln-08-no-cmk,3,kql,mc08,2026-08-08T14:20:59Z,6
vuln-08-no-cmk,3,kql,mc09,NOT_DETECTED,>150
vuln-08-no-cmk,3,kql,mc10,NOT_DETECTED,>150
vuln-09-nsg-open-inbound,3,kql,mc01,NOT_DETECTED,>150
vuln-09-nsg-open-inbound,3,kql,mc02,NOT_DETECTED,>150
vuln-09-nsg-open-inbound,3,kql,mc03,NOT_DETECTED,>150
vuln-09-nsg-open-inbound,3,kql,mc04,NOT_DETECTED,>150
vuln-09-nsg-open-inbound,3,kql,mc06,NOT_DETECTED,>150
vuln-09-nsg-open-inbound,3,kql,mc07,MANUAL_CHECK_REQUIRED,-
vuln-09-nsg-open-inbound,3,kql,mc08,NOT_DETECTED,>150
vuln-09-nsg-open-inbound,3,kql,mc09,2026-08-08T14:45:08Z,6
vuln-09-nsg-open-inbound,3,kql,mc10,NOT_DETECTED,>150
vuln-10-sp-nonexpiring-owner,3,kql,mc01,NOT_DETECTED,>150
vuln-10-sp-nonexpiring-owner,3,kql,mc02,NOT_DETECTED,>150
vuln-10-sp-nonexpiring-owner,3,kql,mc03,NOT_DETECTED,>150
vuln-10-sp-nonexpiring-owner,3,kql,mc04,NOT_DETECTED,>150
vuln-10-sp-nonexpiring-owner,3,kql,mc06,NOT_DETECTED,>150
vuln-10-sp-nonexpiring-owner,3,kql,mc07,MANUAL_CHECK_REQUIRED,-
vuln-10-sp-nonexpiring-owner,3,kql,mc08,NOT_DETECTED,>150
vuln-10-sp-nonexpiring-owner,3,kql,mc09,NOT_DETECTED,>150
vuln-10-sp-nonexpiring-owner,3,kql,mc10,2026-08-08T15:12:52Z,5
noisy-compliant,2,kql,mc01,NOT_DETECTED,>150
noisy-compliant,2,kql,mc02,NOT_DETECTED,>150
noisy-compliant,2,kql,mc03,NOT_DETECTED,>150
noisy-compliant,2,kql,mc04,NOT_DETECTED,>150
noisy-compliant,2,kql,mc06,NOT_DETECTED,>150
noisy-compliant,2,kql,mc07,MANUAL_CHECK_REQUIRED,-
noisy-compliant,2,kql,mc08,NOT_DETECTED,>150
noisy-compliant,2,kql,mc09,NOT_DETECTED,>150
noisy-compliant,2,kql,mc10,NOT_DETECTED,>150
mixed-seed-101,2,kql,mc01,NOT_DETECTED,>150
mixed-seed-101,2,kql,mc02,NOT_DETECTED,>150
mixed-seed-101,2,kql,mc03,NOT_DETECTED,>150
mixed-seed-101,2,kql,mc04,2026-08-08T18:30:39Z,5
mixed-seed-101,2,kql,mc06,2026-08-08T18:30:40Z,5
mixed-seed-101,2,kql,mc07,MANUAL_CHECK_REQUIRED,-
mixed-seed-101,2,kql,mc08,NOT_DETECTED,>150
mixed-seed-101,2,kql,mc09,2026-08-08T18:30:41Z,5
mixed-seed-101,2,kql,mc10,2026-08-08T18:30:39Z,5
mixed-seed-202,2,kql,mc01,NOT_DETECTED,>150
mixed-seed-202,2,kql,mc02,NOT_DETECTED,>150
mixed-seed-202,2,kql,mc03,NOT_DETECTED,>150
mixed-seed-202,2,kql,mc04,NOT_DETECTED,>150
mixed-seed-202,2,kql,mc06,NOT_DETECTED,>150
mixed-seed-202,2,kql,mc07,2026-08-08T18:59:08Z,9
mixed-seed-202,2,kql,mc08,2026-08-08T18:59:08Z,9
mixed-seed-202,2,kql,mc09,NOT_DETECTED,>150
mixed-seed-202,2,kql,mc10,2026-08-08T18:59:08Z,9
mixed-seed-303,2,kql,mc01,2026-08-08T19:30:21Z,14
mixed-seed-303,2,kql,mc02,NOT_DETECTED,>150
mixed-seed-303,2,kql,mc03,NOT_DETECTED,>150
mixed-seed-303,2,kql,mc04,2026-08-08T19:30:21Z,14
mixed-seed-303,2,kql,mc06,NOT_DETECTED,>150
mixed-seed-303,2,kql,mc07,MANUAL_CHECK_REQUIRED,-
mixed-seed-303,2,kql,mc08,NOT_DETECTED,>150
mixed-seed-303,2,kql,mc09,2026-08-08T19:30:22Z,14
mixed-seed-303,2,kql,mc10,NOT_DETECTED,>150
